{
  "fixture": "64 visible cops · night/rain",
  "warmupFrames": 30,
  "measuredFrames": 240,
  "meanMs": 0.8179166660954554,
  "p50Ms": 0.7999999821186066,
  "p95Ms": 1.2999999821186066,
  "p99Ms": 1.5999999940395355,
  "maxMs": 2.4000000059604645
}
