{
  "fixture": "64 mixed NPCs · day/clear",
  "warmupFrames": 30,
  "measuredFrames": 240,
  "meanMs": 0.41166666659216083,
  "p50Ms": 0.4000000059604645,
  "p95Ms": 0.5999999940395355,
  "p99Ms": 0.7000000178813934,
  "maxMs": 1
}
